original name,osm_id,type,lat,lon,dist_bus,dist_metro,dist_schools,dist_uni
12th & U St NW,6058113,house,38.91692590937851,-77.00963358791724,1.331604981692242,1.1315169512828198,0.37847912736717637,1.0760644810204576
Randle Circle & Minnesota Ave SE,203022902,secondary,38.8739015,-76.9697891,2.100802540464498,1.5573942735016904,0.46941273938071554,3.126126669218011
15th & W St NW,6285398473,bicycle_rental,38.919038799999996,-77.0344728,0.8227229006154769,0.6454451392202907,0.5503119971775395,0.9566073753557482
Potomac & Swann Ave,0,,38.82958,-77.04785,2.7603210391093116,1.7857721971178513,3.0392151625733277,5.024466479326694
Stanton Square SE,6285398409,bicycle_rental,38.85501179999999,-76.98451429999999,1.7605054713197528,1.0941188838744287,0.22850398539021421,2.879923288438592
Lee Hwy & N Kirkwood Rd,0,,38.8953,-77.09746,3.9407707034359944,0.969980253431239,3.186076087722455,2.4768815639286013
Reston YMCA,6285398480,bicycle_rental,38.9553218,-77.3684184,27.883827670958084,2.59815753385343,23.44017008069493,23.73901908091033
7th & K St NW,6285398397,bicycle_rental,38.902681799999996,-77.0213943,0.1719031764337862,0.4201728860258891,0.6172916032050477,0.784765217004182
Sunset Hills Rd & Isaac Newton Square,6285398479,bicycle_rental,38.951450799999996,-77.34037940000002,25.416402288961983,0.41279581619713834,20.974264024165585,21.29349025918988
8th & H St NW,2276095576,bicycle_rental,38.899655200000005,-77.02307309999999,0.3444113986690635,0.1785110535346379,0.6313988565418381,0.7914961245640366
2nd St & Massachusetts Ave NE,6285398198,bicycle_rental,38.894979799999994,-77.0031373,0.454091037905868,0.48376269143079675,0.3088868897827879,0.634148903828937
20th St & Virginia Ave NW,6260263,house,38.89465,-77.0451,0.08878951469155955,0.808635007216006,0.47030323263502527,0.6212084762298328
4th & M St SE,6285398401,bicycle_rental,38.8767588,-77.0007383,0.11691797449085424,0.378634384059368,0.12961357032166032,1.4945797429326615
Twinbrook Metro,6285398438,bicycle_rental,39.06204879999999,-77.1207783,13.562067992006204,0.04750633331790878,11.418480296813598,12.00982151054021
Commerce St & Fayette St,2276095313,bicycle_rental,38.8056477,-77.05293,3.609715814244436,0.6927884725683158,4.284892558613524,7.538132281081596
Union Market/6th St & Neal Pl NE,0,,38.90777,-76.99703,1.3391226159302345,0.5263606964405617,0.5568747408405396,0.4190589190187735
United Medical Center,464206090,hospital,38.83587585,-76.98493750510922,2.264881183557833,1.0351380183840182,0.6550479601987912,4.244716797706646
Thomas Circle,41964887,park,38.90563770000001,-77.03194560531915,0.2499011069337794,0.49907762457752813,0.3859943123726621,0.22963279143020013
Convention Center / 7th & M St NW,1827176287,bicycle_rental,38.905719700000006,-77.022264,0.15031029439651794,0.08592878494741152,0.5888969420385939,0.7195995618214428
New Hampshire & Gallatin St NW,6285398386,bicycle_rental,38.951603799999994,-77.0128103,0.9129051305037682,0.9197127432764924,0.5702044227873897,1.3205467435801928
Kansas Ave & Sherman Cr NW,6285398400,bicycle_rental,38.9480648,-77.02146929999999,1.2223588762110973,1.1918391627952052,0.32045844539187035,0.6088231584907103
19th & Savannah St SE,6285398451,bicycle_rental,38.8462378,-76.97703229999999,2.709161275853749,0.5962826896802345,0.3246534363495503,3.936678818271176
Commonwealth Ave & Oak St,6285398197,bicycle_rental,38.8127188,-77.0617173,4.00050323917718,0.6844550181860963,4.575272047610086,7.248542918549962
Battery Ln & Trolley Trail,6285398643,bicycle_rental,38.9923828,-77.1001063,7.025173182687602,0.8954067572458079,3.98638159798243,5.001449976968761
King St & Patrick St,2276095191,bicycle_rental,38.8053167,-77.049883,3.4065741265351663,0.9599790663958091,4.095787886226431,7.457601981990342
18th & New Hampshire Ave NW,6285398284,bicycle_rental,38.9112758,-77.0418313,0.24881598340060165,0.23081771374794127,0.22551762971777028,0.3884799193033999
3000 Connecticut Ave NW / National Zoo,2276095074,bicycle_rental,38.9302817,-77.055599,1.71543058317033,0.541589255787488,0.7543756446637049,0.6319950086190411
31st & Woodrow St S,0,,38.83763,-77.09477,6.926814345199502,4.075014193347121,7.1858498229415915,7.6840756504236
Roosevelt Island,6285398261,bicycle_rental,38.896560799999996,-77.0671423,1.43495115479516,0.3330943906487769,1.2927660406740598,1.5371368812749884
Maryland Ave & E St NE,6285398217,bicycle_rental,38.896141799999995,-76.9929023,1.1580996010731528,1.272109242929786,0.16070793909822922,0.8591516598231363
Constitution Ave & 2nd St NW/DOL,6285398245,bicycle_rental,38.8922828,-77.0139193,0.11597871088981346,0.48493114295203227,1.2051782136252172,0.6025780447206251
Market Square / King St & Royal St,1917477606,bicycle_rental,38.804717700000005,-77.043363,2.9977331128722335,1.3777500697930085,3.7148828814641903,7.303738498768036
Fishers Ln & Rock Creek Mill Rd,6285398434,bicycle_rental,39.0629078,-77.1134563,13.274372383233109,0.6391566788350024,11.08610803125936,11.703010995374727
Ward Circle / American University,2276095720,bicycle_rental,38.9387357,-77.087171,4.606794895321645,1.301942335512519,0.4957411311445736,0.10774261899770785
Wisconsin Ave & Brandywine St NW,6285398190,bicycle_rental,38.9498208,-77.0802193,4.604742700052558,0.1198943272648913,0.21506599752184852,0.12148207605164173
Maine Ave & 9th St SW,6285398444,bicycle_rental,38.88044779999999,-77.0252383,0.03603362139490398,0.5671919704624171,0.21144611340848044,1.820742557819548
Old Georgetown Rd & Southwick St,6285398629,bicycle_rental,38.99964179999999,-77.1096493,8.134235200964119,1.100697341137965,5.140567345715256,6.0720565439945355
North Capitol St & G Pl NE,4731349917,bicycle_rental,38.8997546,-77.0089272,0.05257298831294603,0.2559802641360264,0.5682084273330307,0.4199460145414467
Potomac Ave & Main Line Blvd,6285398201,bicycle_rental,38.8227458,-77.0492673,2.769203751437742,1.0278409594058762,3.216195249866557,5.724102363794266
Radford & Osage St,0,,38.494233,-77.050979,36.557049135563325,31.89771966975599,37.12192396237436,41.443368326192974
Fairfax Village,4646938,neighbourhood,38.8624704,-76.95084320000001,4.0372510574189215,1.3254042777937747,0.46349774804678195,5.202070714159231
Lee Hwy & N Scott St,6285398609,bicycle_rental,38.897619799999994,-77.08085329999999,2.4815221715857128,0.8813598596796198,1.8268217475918012,1.3641071357968266
Smithsonian-National Mall / Jefferson Dr & 12th St SW,0,,38.88865,-77.02862,0.12714275496936578,0.08414595917553938,1.0924418179689814,1.6872033782900033
Connecticut & Nebraska Ave NW,4074329189,bicycle_rental,38.9550753,-77.0699589,3.7780935790260735,1.0831252294069647,0.2371784197930907,0.9421715775344177
Eads St & 12th St S,6142763,residential,38.89334,-76.905302,7.901053584054887,0.7092710885964443,1.3029250791065594,7.7165175706949425
1st & Rhode Island Ave NW,2276096129,bicycle_rental,38.9154167,-77.012289,1.1066477661357441,0.861895152308876,0.52270109429458,0.9790414184947053
Columbia Pike & S Walter Reed Dr,6285398241,bicycle_rental,38.862463,-77.0865343,4.882505339084259,2.343705788155265,5.172057444017468,5.263594068527502
22nd & I St NW / Foggy Bottom,2276095993,bicycle_rental,38.900879700000004,-77.0489559,0.10370630563501565,0.11647645034166482,0.31225326202975173,0.14852653346725248
Carroll & Ethan Allen Ave,6285397653,bicycle_rental,38.9779408,-77.00647430000001,2.3548841559252764,1.0349465019049309,1.4504049654979627,2.4269854237748465
Bethesda Metro,6285398613,bicycle_rental,38.9846988,-77.0945393,6.23292072039738,0.04835314124162682,3.0487321734731796,4.033603750704652
Iwo Jima Memorial/N Meade & 14th St N,0,,38.89001,-77.07138,2.1333206871425525,0.6647604900112002,2.0862896867677083,2.13051638623435
4th St & Madison Dr NW,6285398196,bicycle_rental,38.8905008,-77.0172553,0.18146325974978128,0.5362493666985494,1.221046144245839,0.8777455899082623
McLean Metro,6285398390,bicycle_rental,38.923770899999994,-77.20789079999999,13.564383090811193,0.20779026769032255,9.316191927819137,10.079890895522531
Benning Rd & East Capitol St NE / Benning Rd Metro,2276072748,bicycle_rental,38.8899347,-76.93723,5.1283177696323206,0.15260562992716117,0.37965907241866986,5.18020895687253
Carroll & Westmoreland Ave,6285397654,bicycle_rental,38.9750078,-77.0112123,1.8998733112740909,0.615466045463035,1.0039239801529025,2.0326374272100636
24th & R St NE / National Arboretum,0,,38.91258,-76.97197,3.4982198040129044,2.2823628977233485,1.1129462465627364,1.824694469342438
17th & K St NW,2276094954,bicycle_rental,38.9027555,-77.0386382,0.07455063330618833,0.10524338183386302,0.8891913159157657,0.4333156929041853
18th & Monroe St NE,6285398457,bicycle_rental,38.9329378,-76.97951929999999,4.311248284166092,1.302490129899992,0.11177955805592249,0.9703545569009455
King St Metro South,1917477618,bicycle_rental,38.8057317,-77.0607026,4.197563191995614,0.09619610326922062,4.843935917638963,7.853733091247074
Greensboro & Pinnacle Dr,6285398431,bicycle_rental,38.9224578,-77.23034240000001,15.473449085531108,0.3487972806546474,11.267492377078804,12.010660923014212
Aurora Hills Community Ctr/18th & Hayes St,6285398602,bicycle_rental,38.85787379999999,-77.05949229999999,3.9045772958133793,0.4458880813981089,4.005644430259489,4.0371763276310855
Fenton St & New York Ave ,6285398238,bicycle_rental,38.985411799999994,-77.0230843,2.4396525022387165,1.1191255534814282,0.9497455901528307,1.330640691975296
Rockville Metro West,6285398614,bicycle_rental,39.0843868,-77.1468683,16.901732162999355,0.06439679608287971,14.747299121466588,15.357782675368826
14th & Irving St NW,6285398191,bicycle_rental,38.9285598,-77.03222629999999,0.44812900774322345,0.08422010330499315,0.25156970237889115,1.2839544305835664
14th & Luzon St NW,6285398406,bicycle_rental,38.9694968,-77.0335113,0.8072049820674395,1.516761774161767,1.023593626905501,0.8781028989864375
11th & M St NW,397303394,house,38.9055658061171,-77.00991599912685,0.43269115459614205,0.6194515317700183,0.33282054441032516,0.9166053682056088
4th & E St SW,2276096132,bicycle_rental,38.88411970000001,-77.017445,0.09733703747609454,0.17329617640419318,0.5137366952269816,1.5525995753209638
Carlin Springs Rd & N Thomas St,0,,38.87666,-77.11308,5.989044765834837,0.6140263608498844,5.464397616829377,4.883434546981324
12th & Irving St NE,6285398255,bicycle_rental,38.9286518,-76.99095729999999,3.2905713443369353,0.5944515603620174,0.39244133060047254,0.6761683871241293
Fallsgrove Dr & W Montgomery Ave,6285397663,bicycle_rental,39.0993838,-77.18801640000001,20.4736327134475,3.0491219844060384,18.030644480651464,18.933521525617603
11th & Kenyon St NW,2276095572,bicycle_rental,38.92946370000001,-77.027822,0.8306747988531659,0.4479501448637269,0.14366240111692416,1.097310930150201
Grand Park & Rose Ave,6285398413,bicycle_rental,39.0510428,-77.11760229999999,12.42617268680616,0.5224881155966191,10.307133421895566,10.896267599877772
Anacostia Ave & Benning Rd NE / River Terrace ,2276072739,bicycle_rental,38.8965437,-76.96011999999999,3.6722102798582856,1.1967303337906967,0.23518251105464588,3.0670610411958843
Nannie Helen Burroughs & Minnesota Ave NE,2276072713,bicycle_rental,38.901599700000006,-76.9422,5.272170699185756,0.4762529085596024,0.8606361252114602,4.398935455215089
8th & O St NW,6285398220,bicycle_rental,38.9086478,-77.0227723,0.34893835857483807,0.2555972570089942,0.28601923033795745,0.8281511143197491
14th & Rhode Island Ave NW,2276096046,bicycle_rental,38.9085997,-77.0323,0.22839263234123644,0.8141569550976195,0.6577116521826551,0.3892639875624085
14th St Heights / 14th & Crittenden St NW,2276095066,bicycle_rental,38.9477737,-77.032818,1.7678671411766231,1.4047032245791051,0.3938705539142733,1.027599247194271
16th & Q St SE / Anacostia HS,6285398188,bicycle_rental,38.8707028,-76.98236130000001,1.1798844924065124,1.2043690842012216,0.09214300136807001,2.6084189337811425
14th & Harvard St NW,2276095567,bicycle_rental,38.926799700000004,-77.0322,0.37655604913852836,0.1201252065930952,0.3583424316260227,1.1690142704580904
Wisconsin Ave & Newark St NW,4731344518,bicycle_rental,38.934890700000004,-77.0727503,3.2861655457617975,1.2578822283036688,0.6465484350024593,1.2273776375709857
Montgomery Ave & Waverly St ,6285398236,bicycle_rental,38.9838458,-77.0922123,6.010541485191849,0.17736432468611915,2.8352303503834793,3.880467406587006
Spring Hill Metro,92214594,residential,38.92945,-77.24077,16.479074267487043,0.08752364725994738,12.164330854469373,12.767128388370837
S Glebe & Potomac Ave,2276095220,bicycle_rental,38.8425997,-77.0502,3.6197271342031105,1.3151072119478715,3.6119086780031218,4.090132333661203
Campus Commons,380627906,retail,38.94468,-77.33545,24.855756700079706,0.5247119763828906,20.465081553229844,20.85546484959511
Saint Asaph & Madison St,0,,38.81268,-77.04396,2.552502932452698,0.8590094751271888,3.201363483464615,6.501801228105203
Crystal Dr & 15th St S,0,,38.86013,-77.0497,3.1101593358042408,0.25152219569025863,3.1953960029820814,3.1524026664174767
10th & K St NW,521198982,primary,38.9025235,-77.0421925,0.04353212919650821,0.1861277883001442,0.7129428780530639,0.5913251661486532
3rd & D St SE,2275495853,bicycle_rental,38.8851401,-77.002229,0.4209649411377111,0.25284345619472354,0.0760340330155572,0.6170039277514995
S Joyce & Army Navy Dr,0,,38.86573,-77.0631,3.396994125222498,0.5264128837152102,3.822627595487123,3.997929291088922
Nebraska Ave/AU East Campus,5425625474,bicycle_rental,38.9362317,-77.0871578,4.521133611894246,1.5477913696042396,0.22221690827980306,0.2537798984964777
Columbia Pike & S Taylor St,6285398453,bicycle_rental,38.858531799999994,-77.1037303,6.291816512541855,2.7512670847730814,6.461744088896911,6.134955706761441
N Randolph St & Fairfax Dr,2276095630,bicycle_rental,38.8826287,-77.10936600000001,5.394219903539224,0.33373352511912013,4.803416626294418,4.183177271423124
4th & East Capitol St NE,2276095817,bicycle_rental,38.889954700000004,-77.000349,0.27528406549753104,0.6833261938045352,0.3301215296051089,0.10262042134667206
Arlington Blvd & S George Mason Dr/NFATC,0,,38.86941,-77.10452,5.687438868782934,1.5559321535884352,5.514572470886561,5.090221496852317
White Flint Metro,738189389,station,39.048151399999995,-77.11282990000001,11.917809825262992,0.000885043331018183,9.816943014327544,10.382772051301764
Westpark & Park Run Dr,6285397681,bicycle_rental,38.9289268,-77.22539640000001,15.155017558357795,0.9692733670367496,10.830283533101813,11.456989719732805
Metro Center / 12th & G St NW,2276095321,bicycle_rental,38.898363700000004,-77.027869,0.018898205611934123,0.018897922688155763,0.5727085922080898,0.6631126068232245
Rhode Island & Connecticut Ave NW,6285398282,bicycle_rental,38.90600379999999,-77.0398043,0.16777191105782732,0.31030377568269174,0.7100147603940203,0.21969783344072386
New Hampshire & Kirklynn Ave,6285398466,bicycle_rental,38.9881088,-76.9884243,4.148675680513488,2.9031759341916543,3.2768860268345117,4.164243152620895
S Four Mile Run Dr & S Shirlington Rd,8796265,tertiary,38.844920200000004,-77.0901815,6.583889685288431,3.259317098638068,6.940823904645232,7.007807676503765
Fallsgrove Blvd & Fallsgrove Dr,6285398235,bicycle_rental,39.096319799999996,-77.1926744,20.503723255947058,3.571761511900725,17.992809292158952,18.80459084630356
Temporary Rd & Old Reston Ave,6285398481,bicycle_rental,38.9600605,-77.3534586,26.72787367817252,1.7941616320567815,22.23628858808272,22.475812405713196
Amherst Ave & Prichard Rd,6285398463,bicycle_rental,39.035972799999996,-77.0483973,8.214070057922651,0.22814277056652105,5.8368034600630265,6.616586999416308
3rd & H St NW,6285398593,bicycle_rental,38.8994158,-77.0152913,0.08991056770632301,0.38647921662589874,0.5442555791025825,0.28119649880025316
15th St & Constitution Ave NW,6285398420,bicycle_rental,38.8922518,-77.0332363,0.04019460499776926,0.4546898386442658,1.3168099385763214,1.332937347887481
5th St & Massachusetts Ave NW,6285398273,bicycle_rental,38.900937799999994,-77.01867929999999,0.249163269264846,0.403828681852703,0.5492626627319692,0.6155994311329196
Eisenhower Ave & Mill Race Ln,0,,38.80107,-77.06894,5.070526010006892,0.1824860559827182,5.7243232909459225,8.671981066441345
Florida Ave & R St NW,2276096139,bicycle_rental,38.912541299999994,-77.01343759999999,0.7744660462342289,0.742599234399729,0.5485840143998447,1.1578727749190165
Lincoln Park / 13th & East Capitol St NE ,2276072726,bicycle_rental,38.8904607,-76.988355,1.3173995720649763,0.9270054081323698,0.19407907103703242,0.9413083193258427
Shady Grove Metro West,6285398616,bicycle_rental,39.11977279999999,-77.1660953,21.05615466711817,0.12802178402763073,18.865566802883997,19.487183667743672
N Lynn St & Fairfax Dr,6285398478,bicycle_rental,38.8937479,-77.0709152,1.8816516567686203,0.2485572316901092,1.678873198373664,1.7286009633623038
Pentagon City Metro / 12th & S Hayes St,0,,38.86284,-77.06,3.537996384808319,0.11271205296215803,3.733178529180953,3.9873351441177816
Medical Center Metro ,6285398212,bicycle_rental,38.99938579999999,-77.0978843,7.247158195441099,0.11027035180129872,4.461673702744023,5.674001720427328
3rd & H St NE,3137317587,bicycle_rental,38.9003995,-77.00193349999999,0.6190256502315691,0.5578618055738693,0.21381481739266567,1.0035215030446103
New York Ave & 15th St NW,2276095101,bicycle_rental,38.899214,-77.03374029999999,0.15630898407868873,0.23625137996739026,0.6624222580203735,0.6137302219725398
New Jersey Ave & L St NW,6285398194,bicycle_rental,38.903605799999994,-77.0139723,0.24186289864517677,0.7577542058556233,0.06608104223101213,0.6660902708047945
10th & U St NW,2276095561,bicycle_rental,38.917199700000005,-77.0259,1.1248184645311985,0.1401940716186431,0.04125741376773532,0.6386180368432783
19th St & Constitution Ave NW,6054111,house,38.89199770757314,-77.01097833838901,0.1415640556729876,0.6697538159238664,0.969805001814343,0.6514357754900706
C & O Canal & Wisconsin Ave NW,2276095617,bicycle_rental,38.903749700000006,-77.06269,0.8141390875965577,1.118595369311771,0.5012269624358912,1.2107471526625553
Powhatan St & Bashford Ln,6285398192,bicycle_rental,38.8187558,-77.0477853,2.6728439936894537,0.7228138208195015,3.2063977727334403,6.041177589232199
3rd & M St NE,6285398272,bicycle_rental,38.9054778,-77.0021323,0.8384278602949793,0.1882260093658976,0.5671719502953531,0.9086362991609415
Washington Blvd & 10th St N,2276095829,bicycle_rental,38.884733700000005,-77.093485,4.069123885007462,0.2752573133890369,3.6044528419672033,3.138497738659323
14th & V St NW,2276095581,bicycle_rental,38.917599700000004,-77.0321,0.9072050159407459,0.404432284006102,0.5091718240978733,0.85862522739365
11th & Park Rd NW,6285398402,bicycle_rental,38.931657799999996,-77.0283073,0.9273648859986904,0.5609965264327946,0.2895252959216167,1.3118889475586164
3rd & G St SE,2275495840,bicycle_rental,38.8811847,-77.001828,0.5217065818918696,0.5183967611143887,0.403558100380104,1.0230324056338638
Greensboro & International Dr,6285398476,bicycle_rental,38.9230908,-77.2274194,15.230806034583273,0.5621097789633246,11.011346366346743,11.74808508744467
Adams Mill & Columbia Rd NW,2276095837,bicycle_rental,38.923044399999995,-77.04255529999999,0.6368457669425738,0.8851952505775046,0.33977374014431605,0.7057995066845946
Lee Hwy & N Monroe St,18538583,residential,38.89636,-77.10464,4.526003369328587,1.337967226052075,3.3990395691745174,2.675564789626142
Rosedale Rec Center / 17th & Gales St NE,6285398388,bicycle_rental,38.8978158,-76.9796363,2.2541028709513107,1.2517587720526306,0.28773298138918524,1.5816223334167374
Van Ness Metro / UDC,2276095472,bicycle_rental,38.9445507,-77.063896,3.124102365919986,0.16219404006404545,0.8175347962514445,0.17631728186106838
20th & O St NW / Dupont South,2276095973,bicycle_rental,38.9089047,-77.04478,0.08018710433986108,0.1415702555077135,0.5893328972284795,0.32538516658049477
Wisconsin Ave & Ingomar St NW,6285398211,bicycle_rental,38.9582748,-77.0846383,4.962935956101533,0.13864380402758572,1.0122212823730872,0.9958241200762025
Potomac Greens Dr & Slaters Ln,0,,38.82168,-77.04759,2.624976468964292,0.9885880830051048,3.0987933852321556,5.750182962127215
11th & H St NE,2276094819,bicycle_rental,38.8999827,-76.991383,1.463922034763113,1.276898778257738,0.30990169415770275,0.9068960566765845
Columbus Ave & Tribeca St,0,,39.12596,-77.16728,21.681393083248334,0.7070425962507345,19.476638382358615,20.106620757583322
2nd St & Seaton Pl NE,6285398227,bicycle_rental,38.9147588,-77.0035623,1.40993376909582,0.8599437046638203,0.07132759518783995,1.2288188090673706
California St & Florida Ave NW,2276095838,bicycle_rental,38.9177607,-77.04061999999999,0.9679114607744456,0.9372330436706916,0.1512607325711291,0.5847563429759285
Fenton St & Ellsworth Dr ,6285398636,bicycle_rental,38.9970408,-77.0256103,3.7009538797912485,0.5803746899868941,1.5595554762793118,2.3147286522965738
13th St & Eastern Ave,6285398263,bicycle_rental,38.9870078,-77.0294193,2.585996506710485,0.7838548990641403,0.4776657284837914,1.1559799416106358
Citadel Ave & McGrath Blvd,6285398437,bicycle_rental,39.0490078,-77.10933229999999,11.809059927239323,0.3172850753299269,9.678725899800074,10.260832152069124
Bladensburg Rd & Benning Rd NE,2276094894,bicycle_rental,38.900412700000004,-76.982872,2.1428172376710513,1.6010005941691277,0.3362990246966068,1.179281840956804
Takoma Park Rec Center,6285398467,bicycle_rental,38.9826578,-76.98831329999999,3.6989483255323448,2.6887706664140794,2.7099846542813286,4.042578487712181
Lynn & 19th St North,2276095582,bicycle_rental,38.8973147,-77.070993,1.6875847348316768,0.14757753626232095,1.3143645244238837,1.34136379867367
Kennedy Center,66418634,theatre,38.89590054999999,-77.05567277497107,0.6635496482470751,0.7095229339582717,0.6948884951634038,0.790133156197662
North Capitol St & F St NW,2276095740,bicycle_rental,38.897445700000006,-77.009888,0.07133578356246356,0.2174710384878079,0.6467407188614486,0.2672758945902768
6th & H St NE,2276095768,bicycle_rental,38.900042,-76.9983,0.8947536567633708,0.8299759526378037,0.21223848687351002,1.0408930789310025
15th & East Capitol St NE,6285398259,bicycle_rental,38.8899158,-76.9833283,1.7450410075043343,0.6472662779734808,0.3206871434220953,1.377153313986141
Dennis & Amherst Ave,6285397657,bicycle_rental,39.0253948,-77.04456529999999,6.996045072847051,1.1669407376500636,4.6192718934878805,5.40260708510427
Key West Ave & Diamondback Dr,6285398416,bicycle_rental,39.1061598,-77.2023564,21.871416721950595,3.603532386629711,19.369262316848406,20.158893979502476
Connecticut Ave & Chevy Chase Lake Dr,6285398214,bicycle_rental,38.9941208,-77.0769883,5.434129955255396,1.8358334391163802,3.1483228805091135,4.126436414671562
Largo Town Center Metro,6285398429,bicycle_rental,38.8998188,-76.8446062,13.198745258558436,0.08767547028890776,6.548059880506561,12.837700236730598
Garland Ave & Walden Rd,6285398432,bicycle_rental,39.000487799999995,-77.0007723,4.703630537260061,2.7188095922511435,3.375264803754738,3.8873206307236754
Lincoln Memorial,398769543,attraction,38.889323299999994,-77.05012114225109,0.5522678344393458,1.2151376761783157,0.9921036396772874,1.1728200608110366
Georgia & New Hampshire Ave NW,2276095329,bicycle_rental,38.9360427,-77.024649,1.4929781007611043,0.18632340815022655,0.1568347962298596,0.7539789169602134
George Mason Dr & Wilson Blvd,2276096073,bicycle_rental,38.8788697,-77.1207,6.461602705261775,0.7501387677674701,5.602186088426843,5.050298415405569
Wilson Blvd & N Edgewood St,2276095824,bicycle_rental,38.88899970000001,-77.0925,3.768890342991169,0.357233373580892,3.216351457946674,2.6934737740750077
18th St & Pennsylvania Ave NW,2276095842,bicycle_rental,38.899655700000004,-77.04145179999999,0.022944628303096543,0.19606964063677904,0.6084283435190017,0.5698675791521394
Jefferson Memorial,248460669,attraction,38.8814063,-77.03655117790538,0.6449869518305316,1.0401127362413412,1.1955069817861712,2.2674322522722727
9th & Upshur St NW,1837934148,bicycle_rental,38.9417636,-77.0250953,1.9819475801364228,0.5001471945396906,0.3104945986630282,0.2161798845879056
19th St & Pennsylvania Ave NW,2276095482,bicycle_rental,38.900299700000005,-77.0429,0.05000001893225976,0.2221345678590901,0.5180984897927977,0.4481497041469876
Prince St & Union St,2276095165,bicycle_rental,38.80313820000001,-77.040366,2.932957183475484,1.6822834769122006,3.665482016636127,7.384646034319003
King Greenleaf Rec Center,6285398396,bicycle_rental,38.8762188,-77.0124453,0.035885459375756705,0.4401639106989193,0.6145455403114065,1.0955917863216436
Wheaton Metro/Georgia Ave & Reedie Dr,6285398465,bicycle_rental,39.038138200000006,-77.0517636,8.515211542892777,0.15810813841607388,6.138383969011387,6.910370397590013
Grandview & Blueridge Ave,6285398462,bicycle_rental,39.04327979999999,-77.0530873,9.096771503505108,0.6879125316717132,6.719761656099486,7.492450380951951
17th & K St NW / Farragut Square,2276094928,bicycle_rental,38.9020607,-77.038322,0.08054118241555719,0.17499852844861935,0.8727082780542229,0.5030130792410364
Potomac Ave & 35th St S,2276095565,bicycle_rental,38.8440147,-77.050537,3.6770708700302572,1.186920448033346,3.7098278192225433,4.01308614521201
Rockville Metro East,6285398621,bicycle_rental,39.0854018,-77.14580529999999,16.935417089674683,0.1222757652632824,14.79594195142606,15.387241288566296
Eckington Pl & Q St NE,2276095816,bicycle_rental,38.9109717,-77.00495,1.0454856884939394,0.4690485358619673,0.32339116843260274,1.148452914388503
Washington Blvd & N Frederick St,712330800,primary,38.88479,-77.12761,6.77759338220512,1.2856365345606309,5.222767164488821,4.870365670930029
New Hampshire Ave & T St NW,2276096098,bicycle_rental,38.915539700000004,-77.03818000000001,0.6694187514044786,0.8001420027477232,0.3717138538277304,0.5876287848870788
Saint Asaph St & Pendleton  St,2276095213,bicycle_rental,38.810742700000006,-77.044664,2.704862796727354,0.8689265674524099,3.3719561469756534,6.723559105764661
Friendship Blvd & Willard Ave,6285398628,bicycle_rental,38.961157799999995,-77.0886613,5.282019425540757,0.36745299697355904,1.4834809462464793,1.452658492518775
Library St & Freedom Dr,6285398484,bicycle_rental,38.9596408,-77.3587434,27.163968131928417,2.089864054125883,22.68075701778315,22.92942646841937
Benning Branch Library,2276072734,bicycle_rental,38.8939997,-76.947974,4.424033480547477,0.5868798872914693,0.8258825435940769,4.146218542163144
1st & H St NW,50511187,house,38.900292,-77.00921899999999,0.015780333104237286,0.3203079215121766,0.5952617452214775,0.43660224920137414
Braddock Rd Metro,1917477632,bicycle_rental,38.814578999999995,-77.0528103,3.1999127429749334,0.08846670822016078,3.782093223077904,6.659546074470878
Branch & Pennsylvania Ave SE,2276095912,bicycle_rental,38.8691997,-76.9599,3.0485821607556662,2.010983462208439,0.3996129653023227,4.128752945168798
20th & L St NW,2276094868,bicycle_rental,38.903583700000006,-77.044789,0.11690292260159413,0.43481989395800125,0.6732887089490338,0.508691432754394
14th St & Spring Rd NW,2276095279,bicycle_rental,38.937499700000004,-77.0328,1.2859969336151125,0.8095500247965127,0.4689296889581196,1.0337248146345583
15th & M St NW,6285398424,bicycle_rental,38.905431799999995,-77.03467629999999,0.12626109844743857,0.46305096368921417,0.5823770175043569,0.2629304848305204
22nd & P ST NW,6285398205,bicycle_rental,38.9094018,-77.0487303,0.418836651057323,0.4614438367930149,0.3778705092970343,0.11658314632862539
Silver Spring Metro/Colesville Rd & Wayne Ave,6285397671,bicycle_rental,38.9952178,-77.0291823,3.4956908002771776,0.21197961542756882,1.249261428170016,2.033610564045787
Tysons Corner Station,206744,town,38.918592,-77.2314723,15.524358176814884,0.3360043113866083,11.392006128900777,12.203053970003518
Wilson Blvd & N Uhle St,0,,38.89049,-77.0848,3.0979601804607837,0.20530068576133673,2.6228062029662707,2.226371161638107
Traville Gateway Dr & Gudelsky Dr,6285398234,bicycle_rental,39.0937908,-77.20250340000001,20.910508854088288,4.376764449254158,18.29847537482756,18.958067363436296
Crystal Dr & 20th St S,7044368274,bus_stop,38.8555658,-77.0492469,3.446413073585057,0.2758170417998523,3.536661758934838,3.2659513763618837
Executive Blvd & E Jefferson St,6285398435,bicycle_rental,39.0487378,-77.12570229999999,12.685568478870847,1.1159812341478275,10.393434818433763,11.189473247390477
10th & G St NW,6285398610,bicycle_rental,38.8982508,-77.0262373,0.06980517712203602,0.1600765529960641,0.6134530896047543,0.731269041773013
M St & New Jersey Ave SE,2276095574,bicycle_rental,38.876299700000004,-77.0037,0.145527209967943,0.12225780873206252,0.3905516472688764,1.4279652918228476
20th & E St NW,2276094904,bicycle_rental,38.8963209,-77.045018,0.09845232628444049,0.667332857919558,0.3406868392170409,0.46208987668921486
Georgia Ave & Emerson St NW,6285398270,bicycle_rental,38.949669799999995,-77.0273353,1.2902516024874457,1.398307781887545,0.4666208250062687,0.8640873864151044
7th & T St NW,2276096131,bicycle_rental,38.915499700000005,-77.0222,1.1041213688443638,0.225068448423158,0.05861692522770455,0.6550316747455586
18th & M St NW,2276095887,bicycle_rental,38.9047417,-77.041606,0.10253266002236727,0.23700000423964923,0.866543285053917,0.41818159224455215
39th & Veazey St NW,2276095233,bicycle_rental,38.943836700000006,-77.077078,4.0227859882257775,0.5985800017641024,0.53487618676583,0.7522210540340984
19th & E Street NW,130808339,house,38.89620402442928,-77.00990812770895,0.07392436009673502,0.2776492367835263,0.6876955543348927,0.30987363841254795
7th & R St NW / Shaw Library,2276096125,bicycle_rental,38.9127284,-77.0225929,0.7947959403249937,0.10254626041866624,0.26932560205433803,0.9637618926096895
Livingston Rd & 3rd St SE,6285398448,bicycle_rental,38.823737799999996,-77.0022323,1.322783600584833,2.7100328923349934,0.6405602755818557,4.856432852033041
12th St & Pennsylvania Ave SE,6285398472,bicycle_rental,38.8824968,-76.99012330000001,0.7389632981642834,0.42381196814836736,0.10906727227168338,1.1598181151890243
4th & W St NE,6285398596,bicycle_rental,38.9190848,-77.0006503,1.936327177146698,0.464080978921217,0.5236012351461217,0.9801117224428414
Montgomery & East Ln,6285397670,bicycle_rental,38.9835328,-77.0953693,6.2531190948378415,0.14422924432092576,3.021251378767086,3.93702323957916
18th St & Rhode Island Ave NE,6285398257,bicycle_rental,38.9271028,-76.9789263,3.9245776460065835,1.514329329713347,0.30981451864540305,1.5905449760383044
Virginia Square Metro / N Monroe St & 9th St N,2276095849,bicycle_rental,38.8827877,-77.103148,4.905011933690753,0.06669952419247122,4.366808506730004,3.8030651602042216
14th & D St NW / Ronald Reagan Building,0,,38.894466445916,-77.031685709953,0.18430127568987636,0.3391920027775214,1.0422090508806814,1.0691142234049889
Woodley Park Metro / Calvert St & Connecticut Ave NW,6285398391,bicycle_rental,38.9233968,-77.0518353,1.3685710787788272,0.19500868436065819,0.46628064277288583,0.11237538125756677
14th & L St NW,6063417,house,38.90381855077492,-77.00943762887681,0.4012691441311762,0.6604938559122772,0.3909498308589523,0.7489079608683994
North Shore Dr & Village Rd,6285398460,bicycle_rental,38.970419799999995,-77.3407894,25.954350230115278,2.5185064110131616,21.38316225891284,21.499248121282374
Jefferson Dr & 14th St SW,7779385,residential,38.88855,-77.03261,0.12229361114442111,0.39829235572599225,1.2785370621509335,1.730786970882737
Henry Bacon Dr & Lincoln Memorial Circle NW,4731344519,bicycle_parking,38.8904584,-77.04941579999999,0.413519065959395,1.1400670883308057,0.8584512902448322,1.0396314351175222
Potomac Ave & Half St SW,6285398412,bicycle_rental,38.8702088,-77.01083929999999,0.6945286084738791,0.8574107395716273,1.2120786038560205,0.5131740986456539
Blueridge Ave & Elkins St,6285398442,bicycle_rental,39.0431378,-77.05006230000001,9.021877721570911,0.6220199948773383,6.644727411281725,7.424968777876835
18th & R St NW,6285398230,bicycle_rental,38.912655799999996,-77.0418363,0.4018953450785955,0.3652805052012832,0.1905233542842537,0.5243884394859398
Commonwealth & E Monroe Ave,12099109,residential,38.82019,-77.06303,3.9725584176102213,1.0536638039539283,4.443781690668604,6.654584286154799
14th St & New York Ave NW,288581932,house,38.906966,-77.00984249999998,0.46227696043940164,0.5915796296682604,0.25819562858105705,1.068003042981427
Tysons One Pl & Chain Bridge Rd,6285398185,bicycle_rental,38.9194828,-77.2211814,14.646337052226585,0.14103375858401843,10.49449030439551,11.313763411394273
Virginia Ave & 25th St NW,6285398425,bicycle_rental,38.899507799999995,-77.0541573,0.37379013917184484,0.36168394802143944,0.5398386546002656,0.5331663601656176
Anacostia Metro,2276095907,bicycle_rental,38.86269,-76.9946988,0.7910045146475897,0.06630772459942315,0.09664893854366702,1.7511288599482786
1st & M St SE,6285398405,bicycle_rental,38.876900799999994,-77.00607430000001,0.35303391276722046,0.09704354593154618,0.5926551536743794,1.3612647283897332
Shirlington Transit Center / S Quincy & Randolph St,6285398617,bicycle_rental,38.8399198,-77.0870853,6.354171039781365,3.4155165849759355,6.571870044204004,6.971796924187016
17th & G St NW,4064370444,bicycle_rental,38.8984105,-77.0398694,0.1594996050922815,0.3309637339475347,0.7223713835673322,0.7227151545536658
19th & G St NW,4064368993,bicycle_rental,38.8983902,-77.043196,0.1165105476820757,0.39090118986386857,0.4340744642291162,0.4452046354577764
11th & S St NW,6285398223,bicycle_rental,38.9137688,-77.02702729999999,0.7969525271239235,0.362149241567515,0.1385640579092652,0.8630094067434994
Independence Ave & L'Enfant Plaza SW/DOE,6285398243,bicycle_rental,38.8873198,-77.02576429999999,0.03450818888567443,0.2147637285993783,0.8623483635020921,1.5974655832338382
61st St & Banks Pl NE,6285398482,bicycle_rental,38.8918128,-76.91356529999999,7.1643950238011795,0.3010225983271396,0.7218344863092399,7.059409736999814
1st & D St SE,4429694165,bicycle_rental,38.884906,-77.0059614,0.30135224978516884,0.07342324697720766,0.39053576682824676,0.8279908863270018
13th & D St NE,2276094810,bicycle_rental,38.894831700000005,-76.987633,1.486292398627377,1.2837586436285138,0.3062136693046969,1.129061354781256
Lee Hwy & N Cleveland St,0,,38.8949456,-77.0917386,3.4710655124682885,0.6626599791264648,2.7704795333578427,2.13589359734393
Reston Regional Library,79613659,library,38.96146845,-77.3585048525,27.189312493760415,2.2086599401380274,22.693580071748574,22.923714293504
6th & K St NE,6285398469,bicycle_rental,38.9028848,-76.9984073,0.9708845109523445,0.6094503345540686,0.158084304372437,0.7915346932084699
31st & Water St NW,6285398224,bicycle_rental,38.9028218,-77.0610453,0.6775666050259613,0.9629357459781235,0.6525406329020343,1.179963563225796
37th & O St NW / Georgetown University,2276096061,bicycle_rental,38.90773970000001,-77.071652,1.6155501485583925,1.306305419284977,0.6176984676642691,0.31644966433789146
Montello Ave & Holbrook Terr NE,6285398395,bicycle_rental,38.9074518,-76.98681529999999,2.0905635269293907,1.4066249019946213,0.3972573050338583,0.4747463556143659
14th & Newton St NW,6285398408,bicycle_rental,38.931998799999995,-77.0329583,0.704901757270335,0.46237450971294064,0.37027311478154645,1.4730786223166097
3rd & Underwood St NW,6285398458,bicycle_rental,38.96884179999999,-77.0162603,1.1315048485921557,0.8212596911101696,0.3352625962767863,1.8405082484342392
2nd & G St NE,6285398221,bicycle_rental,38.8996778,-77.0036683,0.47199355931608916,0.3878226896034789,0.1586760422293312,0.8363879394155953
Georgia Ave & Kennedy St NW,6285398441,bicycle_rental,38.956747799999995,-77.0279123,0.7771341943831908,2.177605500238279,0.3939662797511913,1.6191030254136989
Columbia & Ontario Rd NW,6285398454,bicycle_rental,38.924095799999996,-77.04078929999999,0.444662478709728,0.8265863611978396,0.17214991701482935,0.8548261330575968
Connecticut Ave & Newark St NW / Cleveland Park,2276095399,bicycle_rental,38.9342667,-77.057979,2.0634346093700464,0.056239615078630935,0.7011169348799363,1.0310261428031187
5th & Kennedy St NW,6285398271,bicycle_rental,38.9565638,-77.01981629999999,0.2871038362651551,1.6135932434294815,0.538714006489735,1.5625834370725036
10th St & L'Enfant Plaza SW,6285398200,bicycle_rental,38.884330799999994,-77.0260123,0.19721950729115784,0.36043497586453865,0.5627021634353631,1.8633314633792883
Wilson Blvd & Franklin Rd,2276096142,bicycle_rental,38.8903997,-77.0889,3.4200665606976814,0.1551291862892153,2.880096609082879,2.3945677362950515
1st & S Capitol St SE / Oxon Run Trail,6285398449,bicycle_rental,38.8244888,-77.0054993,1.0553379745872815,2.775164809890077,0.37870054326300767,4.720988381524352
Good Hope Rd & MLK Ave SE,2276095931,bicycle_rental,38.867372700000004,-76.988039,1.1270142707215816,0.8024636968133322,0.41038348990736984,2.28070308783761
Long Bridge Dr & 6th St S,6285398606,bicycle_rental,38.8655608,-77.0500323,2.731048946828624,0.5391616948655219,2.8399057277905935,3.1035018297973966
3rd & Tingey St SE,6285397667,bicycle_rental,38.875017799999995,-77.00240229999999,0.16621996756762034,0.2845755308371708,0.3381288699076116,1.4028706090845713
N Pershing Dr & Wayne St,6285398250,bicycle_rental,38.8807128,-77.0859623,3.69259837180712,1.0553232584082324,3.5564692967426406,3.283095844665162
Perry & 35th St,6285398414,bicycle_rental,38.9362208,-76.96005629999999,5.61376570682269,2.247218301610349,1.623718634367916,2.1850948768543668
Fenton St & Gist Ave,6285397655,bicycle_rental,38.989731799999994,-77.02385629999999,2.904900606081377,0.7779726272963995,1.0465400072219861,1.6520375836015504
Georgia Ave & Spring St,6285398637,bicycle_rental,38.999395799999995,-77.0315573,3.970791692142367,0.6055614047731912,1.6549260111334276,2.4581132814576425
22nd St & Constitution Ave NW,4731354435,bicycle_rental,38.8924483,-77.04894909999999,0.229474964106098,0.9239363583233972,0.6343586700383735,0.8156414729593287
7th St & Massachusetts Ave NE,6285398440,bicycle_rental,38.8922278,-76.99602229999999,0.7031951875008203,0.8434538323775297,0.3413232367280554,0.35805975821501446
Sunset Hills Rd & Discovery Square,6285398483,bicycle_rental,38.95534779999999,-77.3576134,26.9669442190157,1.7400981812721952,22.51273456493201,22.803624441587626
Tenleytown / Wisconsin Ave & Albemarle St NW,2276095415,bicycle_rental,38.947569200000004,-77.0793404,4.403191718315492,0.14483263050656492,0.14362855001784716,0.31894433519332616
34th & Water St NW,6285398612,bicycle_rental,38.9036708,-77.0676703,1.2460683831651673,0.898149883638206,0.5546075069420396,0.863694831022391
Eastern Market Metro / Pennsylvania Ave & 7th St SE,2276096134,bicycle_rental,38.883999700000004,-76.995397,0.8463841616802059,0.08755124072610636,0.43457684729654783,0.7600391746121735
Yuma St & Tenley Circle NW,6285398215,bicycle_rental,38.9461898,-77.08059229999999,4.416593835667553,0.308829789444911,0.15587902039336196,0.48954508405832925
12th & L St NW,2276095255,bicycle_rental,38.9038187,-77.0284,0.17599429794563862,0.5310503065050421,0.035071445396085615,0.16431971335018286
Anacostia Library,2276095893,bicycle_rental,38.8657821,-76.9784,1.7862123610166682,1.5058086246455507,0.4543159896371192,3.1159174523577224
5th & K St NW,521198982,primary,38.9025235,-77.0421925,0.04353212919650821,0.1861277883001442,0.7129428780530639,0.5913251661486532
15th & N Scott St,2276095819,bicycle_rental,38.890539700000005,-77.08095,2.8049484364018773,0.5379404777472114,2.4073288662998813,2.115032626891094
US Dept of State / Virginia Ave & 21st St NW,0,,38.8949187,-77.046587,0.04576708161187793,0.7178971551272794,0.3827847088503296,0.5515827625386543
13th & H St NE,6285398588,bicycle_rental,38.9000298,-76.9884243,1.7154606060263606,1.485414646507936,0.4546964192434325,0.9571722545424851
Sunset Hills & Old Reston Ave,6285397676,bicycle_rental,38.9550868,-77.35165140000001,26.455267356091575,1.293962305445451,21.99699044957073,22.286035383158634
23rd & E St NW ,2276095948,bicycle_rental,38.8961214,-77.0497479,0.14979226588061004,0.5110192559351304,0.2609471170684483,0.4308123998782616
37th & Ely Pl SE / Fort Dupont Ice Arena,6285398446,bicycle_rental,38.883018799999995,-76.9497113,3.8915087830570636,1.3230872455325928,0.31497834047971324,4.3664315159482365
4th & C St SW,6285398281,bicycle_rental,38.88637979999999,-77.0177033,0.0389367999208005,0.21472100985019857,0.7621019544548855,1.318054483441181
Mount Vernon Ave & Four Mile Run Park,4313180909,bicycle_rental,38.843419,-77.0640095,4.6677918377318655,2.001643318238035,4.748683273380701,5.016483200866257
Washington Blvd & Walter Reed Dr ,16595394,unclassified,38.8733,-77.08211,3.805829390324562,1.883141723471465,4.032547230595607,4.011986130767402
Eads & 22nd St S,6285398595,bicycle_rental,38.854388799999995,-77.05341429999999,3.7988077932764086,0.4758470756165968,3.8748536793342785,3.650383583014736
Fessenden St & Wisconsin Ave NW,2276096137,bicycle_rental,38.9548117,-77.082426,4.83679656902129,0.5653609207679994,0.6547000537671689,0.5669470300758824
Utah St & 11th St N ,2276095701,bicycle_rental,38.8836681,-77.1138748,5.703519039395559,0.1750113811406851,4.927173117566828,4.2951687507932705
Maine Ave & 7th St SW,6285398586,bicycle_rental,38.878738500000004,-77.02303,0.23660000460746222,0.5413772302905059,0.12694886401397718,1.5602146472637133
John McCormack Dr & Michigan Ave NE,2276095243,bicycle_rental,38.9345997,-76.9955,3.3167399858502535,0.1745838744149777,0.37708137926344365,0.45589951019911046
Lee Center,158302865,hamlet,38.1959599,-76.5127325,82.30705129782254,78.15271631536639,82.08528864123788,86.32667508245193
Connecticut Ave & Tilden St NW,6285398625,bicycle_rental,38.941161799999996,-77.0620383,2.763352435980088,0.24843789095533161,0.8613151277690524,0.4241737170290517
Spring St & Second Ave,6285398231,bicycle_rental,38.9976608,-77.03450129999999,3.8092710012007336,0.5099036734542448,1.4494123156170846,2.2524907010216433
Deanwood Rec Center,6285398632,bicycle_rental,38.9084808,-76.93310129999999,6.350142969835547,0.18999308248585753,0.21578979463073708,5.128013375389966
Eads St & 15th St S,6142763,residential,38.89334,-76.905302,7.901053584054887,0.7092710885964443,1.3029250791065594,7.7165175706949425
Gallaudet / 8th St & Florida Ave NE,2276095783,bicycle_rental,38.905089700000005,-76.9941,1.4064343527760474,0.8032016308852247,0.3365664218347203,0.37440681873617354
Reston Town Center Transit Station,0,,38.9571419273019,-77.35981608691958,27.195020401185136,2.0053455504959596,22.730190284790158,23.004774074727354
Clarendon Blvd & Pierce St,2276095611,bicycle_rental,38.8933898,-77.0763908,2.30357932967464,0.5559922780424342,1.92281388165938,1.7376796188753367
11th & O St NW,6063024,house,38.90864987873917,-77.00961653040484,0.5660857322355012,0.5997421404506604,0.28976099543113226,1.2541345831236277
Wilson Blvd & N Illinois St ,6285398226,bicycle_rental,38.876532700000006,-77.1271337,7.077218550148305,1.3647111244193262,6.039686486385355,5.570711502738652
Good Hope & Naylor Rd SE,2276095880,bicycle_rental,38.86014829999999,-76.9671599,2.9363213010906923,1.36279729907703,0.15059747206668828,4.150200048406406
Washington Blvd & 7th St N,2276096136,bicycle_rental,38.880833700000004,-77.09112900000001,4.102381372775245,0.7503597078451255,3.799243255670307,3.4284095341830354
Georgia Ave and Fairmont St NW,2276095791,bicycle_rental,38.924899700000005,-77.0222,1.248726720194157,0.955603866191024,0.19401262611196313,0.42140715108171345
20th St & Florida Ave NW,2276095925,bicycle_rental,38.9153997,-77.0446,0.6960049366571224,0.6513351409807386,0.21370294231395726,0.18297522325346857
10th & Monroe St NE,2276095266,bicycle_rental,38.9325137,-76.992889,3.5400998438047337,0.16289639077410312,0.05565272643973491,0.48279156475079377
Woodglen Dr & Executive Blvd,6285398436,bicycle_rental,39.0431778,-77.1135023,11.526348261341942,0.5560480175262438,9.365598700331514,10.011325394299924
Wilson Blvd & N Quincy St,0,,38.8801507,-77.107673,5.389848058785773,0.5281013658534263,4.855870357254975,4.281300054279858
Court House Metro / 15th & N Uhle St ,4082236389,bicycle_rental,38.8905607,-77.08482990000002,3.0965577704241807,0.20420748379527048,2.618727695339916,2.220131441891539
S Walter Reed Dr & 8th St S,6285398222,bicycle_rental,38.8661278,-77.0878723,4.692132749749667,2.3203875431779375,4.9476525396189865,4.890249326295306
10th St & Constitution Ave NW,2276095566,bicycle_rental,38.8930277,-77.026013,0.10414254852841506,0.18490131651117445,1.1817738707833012,1.2438669570146221
Pleasant St & MLK Ave SE,0,,38.8638975,-76.9899338,1.2256276468923037,0.48316128435765376,0.3389580108168553,2.133028531258476
Henry St & Pendleton St,2276095294,bicycle_rental,38.8114557,-77.050276,3.10858560955626,0.42005497989541285,3.741172662906014,6.858608588796512
Ripley & Bonifant St,0,,38.992610503515,-77.029255628586,3.2066658582027174,0.21381987004549263,0.9785196753050326,1.7511751709006216
Oklahoma Ave & D St NE,6285398218,bicycle_rental,38.894481799999994,-76.9748303,2.542117572515679,0.8840465568293996,0.42550205000125746,2.1377109996097508
21st & M St NW,2276095001,bicycle_rental,38.9053609,-77.0467762,0.032136547879055344,0.5540667716375821,0.5354397092477197,0.36506369489409457
Massachusetts Ave & 6th St NE,6285398392,bicycle_rental,38.892941799999996,-76.9982753,0.5720293564227549,0.9435349775784723,0.13757171299982143,0.3181724784820198
21st St N & N Pierce St,6285398228,bicycle_rental,38.8989918,-77.0783193,2.2304840148420246,0.7240980130538849,1.560359386882521,1.1494884517458572
18th & C St NW,6285398206,bicycle_rental,38.893518799999995,-77.0415463,0.01740257050073375,0.8692371279954897,0.7709062483172019,0.8918237300126539
North Shore & Cameron Crescent Dr/Crescent Apartments,6285397679,bicycle_rental,38.970053799999995,-77.33868840000001,25.768146457376968,2.479946598568083,21.19661083825867,21.313447712200215
Baltimore Ave & Jefferson St,6285398427,bicycle_rental,38.9554878,-76.9401353,6.76188230550145,1.7528374527471136,4.1220378733255805,4.187398968772736
Fleet St & Waterfront St,6285398404,bicycle_rental,38.7826408,-77.0160613,4.425634348911735,4.710249981272642,4.965267788031529,9.30576049945791
L'Enfant Plaza / 7th & C St SW,2276096133,bicycle_rental,38.8862657,-77.02224100000001,0.029231511740162107,0.1602422530166099,0.7114699737373243,1.49945314529493
Baltimore Ave & Van Buren St / Riverdale Park Station,6285398428,bicycle_rental,38.9695888,-76.93735129999999,7.095715198132029,1.2841038281644221,5.140403420872974,5.198942331996236
Mount Vernon Ave & Kennedy St,3173332227,bicycle_rental,38.8329403,-77.0598375,3.864832566552111,2.1534620030152576,4.109977281741714,5.429162953426343
Washington-Lee High School / N Stafford St & Generals Way,0,,38.8883351,-77.1109799,5.2841909822815225,0.7081167490407128,4.36628893842318,3.7197943111985388
Westover Library / Washington Blvd & N McKinley Rd,0,,38.88589485,-77.14143896053996,7.895794333177915,1.3402312418665145,5.763866142287684,5.652203699020197
39th & Calvert St NW / Stoddert,2276095708,bicycle_rental,38.9226487,-77.077271,2.8367879341547195,2.1425164187121744,0.16281941067370967,1.2825008550962869
Potomac Ave & 8th St SE,6285397665,bicycle_rental,38.8767448,-76.9944703,0.06726634843183055,0.8854170303384058,0.4144478931857615,1.5455812252360952
Lee Hwy & N Woodstock St,242884034,tertiary,38.8937284,-77.12030209999999,5.91527131672514,1.4224458916834495,4.053138151424243,3.709691623387531
21st St & Constitution Ave NW,6054111,house,38.891997673169975,-77.0110049664348,0.13988383067555105,0.6680637030269044,0.9721031472639042,0.6508345813203827
3rd & Elm St NW,6285398247,bicycle_rental,38.91762979999999,-77.0159723,1.3305297602590065,0.6908747257105561,0.3134885413740791,0.5778395651478808
Pershing & N George Mason Dr,6285398239,bicycle_rental,38.87182979999999,-77.1079083,5.832548370084302,1.2375398351258282,5.504981908983984,5.021661417776729
Town Center Pkwy & Sunset Hills Rd,6285398459,bicycle_rental,38.95517879999999,-77.3630964,27.428576922909723,2.160736932130583,22.980915034702267,23.277464093755604
Crystal Dr & 27th St S,0,,38.8484407,-77.051516,3.7781939432209826,0.8524746347176895,4.036232362324917,3.7999289753996295
8th & East Capitol St NE,520471180,house,38.8898949375,-77.0077943125,0.25623972609134266,0.5829553425625218,0.765109137466996,0.7464259767545309
8th & D St NW,6285398248,bicycle_rental,38.8948588,-77.02324229999999,0.06382828217644594,0.17479939254509297,1.060072261089373,0.9448647725704594
10th & E St NW,2276095855,bicycle_rental,38.8959137,-77.026064,0.08851982159453106,0.3195141127310694,0.8672884212084078,0.9725961761764725
Lincoln Rd & Seaton Pl NE/Harry Thomas Rec Center,6285398443,bicycle_rental,38.9150078,-77.0078023,1.2067679574275674,0.9784703811007835,0.1666013639368808,1.319048932166703
Jones Branch & Westbranch Dr,6285397682,bicycle_rental,38.9319188,-77.2192634,14.694429418653796,1.143184116298865,10.31131067171928,10.88232777753625
Harvard St & Adams Mill Rd NW,2276095818,bicycle_rental,38.9278717,-77.043358,0.6211203760409361,0.8442268374451114,0.5872253689272511,0.7774368148743579
24th & N St NW,2276096035,bicycle_rental,38.9065997,-77.05152,0.1915871607433555,0.6630855984204267,0.11974674704874075,0.32975771146929195
Crystal Dr & Potomac Ave,0,,38.8479677,-77.0513808240339,3.7617234247368927,0.8789130178815028,3.9974375746509514,3.817935134004865
Ballenger Ave & Dulaney St,0,,38.80222465,-77.06368074294338,4.608053927470047,0.5452444190147112,5.270059992578462,8.320661751124849
Pooks Hill Rd & Linden Ave,6285398468,bicycle_rental,39.0147238,-77.1071453,8.90352907597759,1.6405887062055313,6.322926383268061,7.538673248547735
23rd & M St NW,6285398418,bicycle_rental,38.905310799999995,-77.05026629999999,0.014181117456870883,0.511219740594552,0.29943719870679897,0.37386336863509084
1st & O St NW,6285398208,bicycle_rental,38.9086508,-77.0123673,0.39829526945410293,0.8304112926154201,0.11637552591429697,1.221375896796904
12th & Newton St NE,2276095126,bicycle_rental,38.9336677,-76.991016,3.6381437690429856,0.3093010260641538,0.19067904034845737,0.6821122478329361
New Hampshire Ave & 24th St NW,6285398608,bicycle_rental,38.9017628,-77.0510863,0.143613841250911,0.13660458999643948,0.47506007863384675,0.3467360147828694
19th & K St NW,2276094966,bicycle_rental,38.9022037,-77.04337,0.03729829052144765,0.2516852165930368,0.6157099249872048,0.4861153582811773
East West Hwy & Blair Mill Rd,6285397660,bicycle_rental,38.9902568,-77.0293523,2.9459545631933355,0.4354700725634133,0.7448874543662419,1.4977499418881826
25th St & Pennsylvania Ave NW,2276095941,bicycle_rental,38.9038267,-77.053485,0.02557953063976615,0.4442177453307123,0.41756927112434755,0.6546987950206066
N Rhodes & 16th St N,2276095822,bicycle_rental,38.892163700000005,-77.079375,2.595938052848884,0.7081159235937766,2.1811420167284847,1.9085923702186656
Windham Ln & Amherst Ave,6285398461,bicycle_rental,39.03203679999999,-77.04735229999999,7.767892530388731,0.6554042890520713,5.390604789137058,6.170461361199693
Fort Totten Metro,6285398620,bicycle_rental,38.952376799999996,-77.0027233,1.5036931686241637,0.07332756129049915,0.879152882843151,1.1973839242524098
14th & Belmont St NW,6285397668,bicycle_rental,38.921081799999996,-77.03188929999999,0.7016312852183874,0.5910435838607527,0.32036435599769025,0.9692540157600121
15th & F St NE,6285398256,bicycle_rental,38.8972028,-76.9835773,1.9144087913527539,1.2929561489443684,0.06154437327879338,1.425646590910084
34th St & Wisconsin Ave NW,2276095733,bicycle_rental,38.9164417,-77.0682,1.7916849155050865,1.6718446244731964,0.10886972123122939,1.0111812437016996
Friendship Hts Metro/Wisconsin Ave & Wisconsin Cir,6285397669,bicycle_rental,38.9617708,-77.08600030000001,5.048304788142278,0.2675123842470934,1.3583257208994,1.3950246621579154
Washington Adventist U / Flower Ave & Division St,6285398607,bicycle_rental,38.986750799999996,-77.0000373,3.4784271778581606,1.9679227043267868,2.3614719874198338,3.16025088530955
S Arlington Mill Dr & Campbell Ave,6285398264,bicycle_rental,38.8423278,-77.0895573,6.642611371744354,3.3919383070200855,6.838582999045443,7.061083112712856
5th & F St NW,2276095571,bicycle_rental,38.8972217,-77.019347,0.3948787200740934,0.2544084061975823,0.9065558290107778,0.5564656189195731
Clarendon Metro / Wilson Blvd & N Highland St,2276095830,bicycle_rental,38.8878597,-77.094875,4.00946966077086,0.13513839101117814,3.455083380726071,2.916090633580405
8th & Eye St SE / Barracks Row,2276096130,bicycle_rental,38.8791997,-76.9953,0.32954874152868474,0.6059220261508825,0.3520610878802134,1.2637235430915055
Royal & Wilkes St,6285398203,bicycle_rental,38.7992748,-77.0447023,3.5035905191734202,1.6182756383332586,4.236264135770811,7.911583508349411
River Rd & Landy Ln,6285398615,bicycle_rental,38.964999799999994,-77.1033833,6.551474534234304,1.7067855598918495,2.7412665384228787,2.3305629746826084
Potomac & M St NW,6285398455,bicycle_rental,38.905375799999995,-77.0651513,1.0282350836181442,1.155864456567859,0.29905816921819695,0.9383433631655391
10th & Florida Ave NW,6285397666,bicycle_rental,38.9203948,-77.0256743,1.1431458774543029,0.40767615779132066,0.2823192267909726,0.44122570676156664
Needwood Rd & Eagles Head Ct,6285397661,bicycle_rental,39.1235208,-77.1574123,20.988284296000387,0.7402805169005957,18.760053141265683,19.4038489723015
Alabama Ave & Stanton Rd SE / Shops at Park Village,6285398415,bicycle_rental,38.846277799999996,-76.9818523,2.291501116532328,0.5823273555249685,0.2020769350291982,3.5981012330618913
Connecticut Ave & Yuma St NW,6285398199,bicycle_rental,38.9471638,-77.0651173,3.396346889140667,0.4697020154684296,0.7723467375088523,0.2954814811475966
D St & Maryland Ave NE,2276095747,bicycle_rental,38.89475770000001,-76.997114,0.7807306475385285,0.9544364144338434,0.30411642489864626,0.5406549166205151
Piccard & W Gude Dr,6285398638,bicycle_rental,39.1022198,-77.1770934,20.0847736199593,2.2427768062030156,17.768622910472207,18.56272087625254
15th & P St NW,2276095583,bicycle_rental,38.9098497,-77.034438,0.0238558727436234,0.7792465249230197,0.5343796317961335,0.1588768003921389
14th St & Colorado Ave NW,6285398268,bicycle_rental,38.9564398,-77.0329493,0.9255587941069369,2.2636449220925927,0.4958064318201498,1.7565865146554818
Lyttonsville Rd & Lyttonsville Pl,6285398209,bicycle_rental,38.9996868,-77.0511703,4.4739124176928025,1.8402566088723753,2.239345478300685,2.868876705894919
Town Center Pkwy & Bowman Towne Dr,6285397678,bicycle_rental,38.962531799999994,-77.36190440000001,27.503147966482736,2.506166628969821,23.00397848640217,23.226855288436504
Division Ave & Foote St NE,6285398189,bicycle_rental,38.8974148,-76.9259093,6.3300020923869855,1.2953133681647153,0.3186221873083286,5.8737413267318725
18th St & Wyoming Ave NW,2969772748,bicycle_rental,38.9187984,-77.04152590000001,0.9383443483632185,1.0335926523590826,0.0707467881934132,0.5800100828826521
17th & Corcoran St NW,2276095591,bicycle_rental,38.912083,-77.0386464,0.3267896373635659,0.49680152627837365,0.09499526449988104,0.28403271178426026
Hamlin & 7th St NE,6285398242,bicycle_rental,38.927504799999994,-76.9971963,2.8704459847785575,0.6749579570202154,0.5306791024328055,0.1901939191854169
Sligo Ave & Carroll Ln,6285398474,bicycle_rental,38.9908818,-77.0163133,3.172743860468267,1.319084777300116,1.6829321663295038,2.1738070960037237
Georgia Ave & Piney Branch Rd NW,6285398477,bicycle_rental,38.967512799999994,-77.02797829999999,0.4182481656520238,1.2755672872125134,0.7282136400943989,1.2306288099192395
Eastern Market / 7th & North Carolina Ave SE,2276095598,bicycle_rental,38.886951700000004,-76.996806,0.6634257770508514,0.26697651677336753,0.46883699719171457,0.4129845895011087
N Veitch & Key Blvd,2276095821,bicycle_rental,38.8932407,-77.086045,3.065994524906651,0.3523048348609414,2.4848599126020616,1.9979125881266302
New Dominion Pkwy & Fountain Dr,0,,38.960511420411144,-77.3563682704622,26.98485860023917,2.0019538674092665,22.493285105373776,22.730996679687514
26th & S Clark St,0,,38.850573614633774,-77.05149894240314,3.8072033267065524,0.7203194680631436,4.091293564455836,3.6794790935487116
47th & Elm St,6285397658,bicycle_rental,38.9824638,-77.0919933,5.937561586410629,0.28389555775630504,2.7196929935644274,3.7283391419317335
Montgomery College/W Campus Dr & Mannakee St,6285397656,bicycle_rental,39.0956688,-77.1590503,18.537301172467195,1.6836604054525237,16.349390210321776,16.994598353571117
Arlington Blvd & N Queen St,2276095827,bicycle_rental,38.88936470000001,-77.077294,2.616041687502968,0.8585083893998812,2.348690166091568,2.189528956518854
4th & D St NW / Judiciary Square,2276095726,bicycle_rental,38.895343700000005,-77.01610600000001,0.20890409585682213,0.0957603152679384,1.001271374936001,0.3750530807569348
Pennsylvania & Minnesota Ave SE,2276095900,bicycle_rental,38.87305670000001,-76.97101500000001,2.0110858591567506,1.5527279865448176,0.3317664978466337,3.0965586480933385
Oxon Hill Park & Ride,6285398403,bicycle_rental,38.7987568,-77.00103229999999,2.9933466550414742,4.881151821400725,3.1986391455102035,7.603106003566623
Anacostia Park,6285398439,bicycle_rental,38.8733578,-76.9834023,0.9643785684042795,0.897094356536102,0.36194910465289404,2.315399564784162
6th St & Indiana Ave NW,6285398275,bicycle_rental,38.89458079999999,-77.0199423,0.2014478480813083,0.19873486113793876,1.1888313134635622,0.6956796407248823
Columbus Ave & Gramercy Blvd,0,,39.1233557,-77.1647983,21.321734342108073,0.3800217703450678,19.116575777512278,19.746711228777087
19th & L St NW,2276094977,bicycle_rental,38.903308200000005,-77.0438191,0.05835795760063951,0.3492807660231543,0.6884304256335213,0.5366288590284723
Woodmont Ave & Strathmore St,4731350198,bicycle_rental,38.9798727,-77.09351740000001,5.969080594497468,0.5055691302103966,2.652257569527478,3.5001781884947447
TJ Cmty Ctr / 2nd St & S Old Glebe Rd,6285398626,bicycle_rental,38.869425799999995,-77.0955983,5.016570069995427,1.6756781345797922,5.062075467815932,4.745404821573286
Clarendon Blvd & N Fillmore St,2276095825,bicycle_rental,38.888099700000005,-77.09308,3.858008665654247,0.25318794092790625,3.3201919456166937,2.8043646215323217
Duke St & John Carlyle St,6285398611,bicycle_rental,38.80438579999999,-77.0608683,4.278630456961819,0.24516945711120225,4.934729343177531,7.989637520465314
1301 McCormick Dr / Wayne K. Curry Admin Bldg,6285398430,bicycle_rental,38.90839879999999,-76.8432652,13.52974327099487,0.8721326190814491,6.791182577316026,12.770102546873266
Monroe St & Monroe Pl,6285397662,bicycle_rental,39.083680799999996,-77.1491643,16.96218683875485,0.27242913842962535,14.771399303265461,15.424508653513781
N Quincy St & Glebe Rd,2276095841,bicycle_rental,38.876392700000004,-77.10773499999999,5.6082581059991625,0.7979961754324281,5.135819507186455,4.605092142834864
Ballston Metro / N Stuart & 9th St N,2276095692,bicycle_rental,38.881043700000006,-77.11176800000001,5.658676695117037,0.17616979705169558,5.075483227976586,4.455235560508126
King Farm Blvd & Piccard Dr,6285398634,bicycle_rental,39.1103218,-77.1826714,21.084591895165605,1.8904307595938743,18.78705233499123,19.556530683627216
Rolfe St & 9th St S,6285398618,bicycle_rental,38.866478799999996,-77.0761333,3.941573469775922,1.5274969293258076,4.269273109045382,4.4272674573467645
28th St S & S Meade St,0,,38.8462901,-77.069354,5.229043638622289,1.9299464976539875,5.2973215651089705,5.277783327368386
7th & E St SW,6285398456,bicycle_rental,38.883457799999995,-77.0217433,0.027558585879824862,0.15473818920945065,0.4101190135695785,1.7510941795373705
15th & K St NW,2276095114,bicycle_rental,38.901999700000005,-77.03353,0.10823760215454727,0.07375148037303136,0.47267196255173555,0.3615791592129515
Columbia Pike & S Courthouse Rd,637140739,primary,38.255457,-77.49767359999998,75.60091955769668,63.60390114833944,76.34447424970091,79.84512884211689
Columbus Circle / Union Station,2276095761,bicycle_rental,38.896959700000004,-77.00493,0.24750803753994777,0.23388234256531817,0.26978477446737736,0.7006522411915935
S George Mason Dr & Four Mile Run,6285398252,bicycle_rental,38.852255799999995,-77.1050243,6.827109999915862,3.3975413446383915,7.08959070373717,6.819425382041942
Arlington Blvd & Fillmore St,5523623845,bus_stop,38.873655,-77.0892929,4.304614006624867,1.5432888987108684,4.378571786351674,4.117110376279251
Wisconsin Ave & O St NW,6285398262,bicycle_rental,38.90849779999999,-77.06358829999999,0.9620204425641606,1.4425262142350068,0.09771110703561356,0.9848132763151924
Rhode Island Ave Metro,6285398619,bicycle_rental,38.9206898,-76.99587829999999,2.346643833563768,0.04225918104317554,0.6094325418440121,0.8553006868227307
Maryland Ave & 17th St NE,6285398393,bicycle_rental,38.90194279999999,-76.9786293,2.544405143925945,1.695541723689314,0.5837806494511207,1.3641625068156291
Calvert & Biltmore St NW,6285398601,bicycle_rental,38.92321079999999,-77.04763929999999,1.025035832058587,0.46427787821552385,0.7127550117112855,0.2678125609650424
E Montgomery Ave & Maryland Ave,6285397675,bicycle_rental,39.0841328,-77.15129329999999,17.116156583042734,0.4474808183757049,14.903851532718535,15.581954698128655
Columbia Rd & Georgia Ave NW,2276095573,bicycle_rental,38.928155700000005,-77.02344000000001,1.1507269825882933,0.7910970035715196,0.48135663024150566,0.798478725305989
Army Navy Dr & S Nash St,6285398225,bicycle_rental,38.8621578,-77.0681233,3.9465177445022084,0.7454686322477141,4.352084748171169,4.524124320343347
S Joyce & 16th St S,6285398229,bicycle_rental,38.8592618,-77.0632773,4.022557050572372,0.4362253423758831,4.184423258623267,4.325984466797956
Columbia Rd & Belmont St NW,2276095835,bicycle_rental,38.9206687,-77.04368000000001,0.8813095595970873,0.9031825974812494,0.30231663695199534,0.6315696548961621
17th St & Massachusetts Ave NW,6285398260,bicycle_rental,38.9081498,-77.0383613,0.2303647170782439,0.4673329157149977,0.4850293778428508,0.09438364822951134
Good Hope Rd & 14th St SE,2276095868,bicycle_rental,38.8666107,-76.985238,1.32263458285357,0.9679954985385244,0.15332281452103239,2.5215974540748136
Ohio Dr & West Basin Dr SW / MLK & FDR Memorials,2276095579,bicycle_rental,38.8841284,-77.0465583,1.0412334996146169,1.4117251785958183,1.5609626578950335,1.739891425872004
Madison & N Henry St,361175283,school,38.81323515,-77.04997098270115,3.0112045251601387,0.33697854987646303,3.6234345201048668,6.67100284721956
Washington & Independence Ave SW/HHS,6285398244,bicycle_rental,38.8869858,-77.0137713,0.1385992554136517,0.27915802494736297,0.9106399459425144,1.1869084536847743
19th & East Capitol St SE,2276096086,bicycle_rental,38.889599700000005,-76.9769,2.06488024096048,0.3204615804013627,0.25796084602145275,1.9356226989686658
King Farm Blvd & Pleasant Dr,6285398635,bicycle_rental,39.1146958,-77.17148929999999,20.870177974966026,0.8308216583120736,18.714130153885225,19.31621040260126
Rhode Island Ave & V St NE,6285398246,bicycle_rental,38.9181628,-77.0047483,1.6438785313495692,0.8292288487643377,0.3271395818236299,1.0720772826031484
Gravelly Point,6285398251,bicycle_rental,38.8650368,-77.0395133,2.120633464661775,1.225081325517524,2.1885986355242077,2.194640961692087
Georgia & Missouri Ave NW,6285398219,bicycle_rental,38.961316499999995,-77.0278078,0.2698899188533902,1.8398023435842477,0.2642451023629544,1.8735351460203022
Taft St & E Gude Dr,6285398640,bicycle_rental,39.094110799999996,-77.1329563,17.0981846514545,1.574091940292291,14.872137169787182,15.513590869810077
New Jersey Ave & F St NW,6285398394,bicycle_rental,38.8971158,-77.0116183,0.11055983190784184,0.3717527489054553,0.8010898245478656,0.1308192227738936
Veterans Pl & Pershing Dr ,6285398622,bicycle_rental,38.9974528,-77.0238963,3.7571139664901754,0.7290192408288922,1.672839915594876,2.4103781067984684
Reston Pkwy & Spectrum Dr,0,,38.964906763642,-77.35380608654,26.88377215489969,2.2474156791176476,22.360750771117118,22.551222493925167
21st & I St NW,2276094835,bicycle_rental,38.9007997,-77.047,0.18226734217420593,0.28472534583218484,0.3136367168261781,0.14545637995284086
Columbia Pike & S Dinwiddie St / Arlington Mill Community Center,6285398240,bicycle_rental,38.8563268,-77.1115323,6.979323677266704,2.8747441836412166,7.040373850380929,6.654560996991812
13th & E St SE,6285398592,bicycle_rental,38.882922799999996,-76.9879093,0.8775010830297768,0.2782336843171514,0.19138744228950305,1.2673862211757367
1st & Washington Hospital Center NW,2276095340,bicycle_rental,38.9287427,-77.012457,2.1019695228684063,1.3577523325627538,0.9611079182565863,0.8285456590315775
Park Rd & Holmead Pl NW,2276095569,bicycle_rental,38.9308232,-77.0315137,0.6638181301198091,0.3426355871217362,0.253750963890729,1.4134884681329005
Glebe Rd & 11th St N,2276096003,bicycle_rental,38.883920700000004,-77.116817,5.929095849814311,0.37008245661190514,4.966407654310442,4.396128654232644
1st & M St NE,2276095752,bicycle_rental,38.90569970000001,-77.0056,0.6789776858073532,0.2675624986338299,0.6517070203239123,1.0973497122140852
15th St & Pennsylvania Ave NW/Pershing Park,6285398445,bicycle_rental,38.8963578,-77.0333823,0.12601665372690016,0.5090383738941954,0.9020609932518128,0.8937510930416862
14th & Girard St NW,6285398202,bicycle_rental,38.9252918,-77.0323773,0.3732321123309437,0.28394111047780296,0.48370332587484816,1.104779377564921
Rosslyn Metro / Wilson Blvd & Ft Myer Dr,2276095623,bicycle_rental,38.8945997,-77.072305,1.9299352349655983,0.19580638072771447,1.635738182565721,1.614761335055972
Westpark & Jones Branch Dr,6285397683,bicycle_rental,38.924444799999996,-77.21766640000001,14.413812017001685,0.5458410767305858,10.161141380345748,10.889598387105599
Columbia Pike & S Orme St,6285398249,bicycle_rental,38.867269799999995,-77.0723173,3.6651968770223973,1.2594490866130548,4.015114974306956,4.177766000152891
15th & L St NW,3357099864,bicycle_rental,38.90384470000001,-77.03492320000001,0.031848595726415865,0.2995623010593738,0.5643132170066093,0.3654984354016445
11th & Girard St NW,6285398423,bicycle_rental,38.925643799999996,-77.0271143,0.816192480431898,0.5313158218180313,0.3151892997194584,0.736220927160711
Largo Rd & Campus Way / Prince Georges's Comm Col,6285398410,bicycle_rental,38.889947799999995,-76.8255372,14.673822991602346,2.030299035480171,8.216677619184807,14.599782084249208
Tysons West Transit Center,6285397680,bicycle_rental,38.932643799999994,-77.23182740000001,15.778485300266807,0.9378331953125656,11.403504168639202,11.953045378358643
36th & Calvert St NW / Glover Park,0,,38.9225768,-77.0703627,2.425708615625924,1.5808222203651854,0.757470445895813,1.55819631425948
3rd St & Riggs Rd NE,6285398471,bicycle_rental,38.957470799999996,-77.0022413,1.3762062068997576,0.6234919279772669,0.3453822335016054,1.6899664846377374
Trinidad Rec Center,6285398389,bicycle_rental,38.906306799999996,-76.9832233,2.3414331383525298,1.7192492534126906,0.5180697563639176,0.8060867587872754
Walter Reed Community Center / Walter Reed Dr & 16th St S,0,,38.857689,-77.0866412,5.2761463567190825,2.39799024395677,5.593807049794645,5.748393766558148
Lee Hwy & N Adams St,0,,38.8959297,-77.089006,3.2131962773532217,0.6582850706508959,2.5115273720038136,1.8967677747502527
Calvert St & Woodley Pl NW,2276095048,bicycle_rental,38.923599700000004,-77.0501,1.2170658961000758,0.26070466757508126,0.6162006493814971,0.05105902112769257
Broschart & Blackwell Rd,6285398641,bicycle_rental,39.102106799999994,-77.2003244,21.42567564920783,3.667245562430164,18.904446057749098,19.678713784020108
S Four Mile Run & Walter Reed Dr,6285398265,bicycle_rental,38.8473068,-77.09533499999999,6.64351879123061,3.5035055011903915,6.9695229753892685,7.074139169306343
Philadelphia & Maple Ave,6285397673,bicycle_rental,38.9812878,-77.01133829999999,2.414339620097781,0.8275298039366025,1.2105534073705642,2.051249464486962
18th & Eads St.,6285398603,bicycle_rental,38.8572578,-77.0533223,3.5579225387121385,0.272865365943602,3.642933575512937,3.5381912511149154
East Falls Church Metro/Sycamore St & 19th St N,0,,38.88542,-77.15649,9.17752865284856,0.06915882465350746,6.683841450365857,6.746399433907303
22nd & H St NW,6285398419,bicycle_rental,38.89911179999999,-77.0489483,0.2045921945455339,0.21132761491367327,0.12721208808043608,0.1079843127464375
4th St & Mississippi Ave SE,6285398450,bicycle_rental,38.8360078,-77.00090229999999,1.1921085984207116,1.5186257899251536,0.06125388583220958,3.5743768225470474
Nannie Helen Burroughs Ave & 49th St NE,6285398633,bicycle_rental,38.8985438,-76.93186429999999,5.9033204003713236,1.0112807964327193,0.23338483104616858,5.342489191027869
11th & C St SE,6285398387,bicycle_rental,38.8859158,-76.9914783,1.0660058023263004,0.41776641016208693,0.2998770294473954,0.8194182540906725
Mount Vernon Ave & Bruce St,4316827590,bicycle_rental,38.841297600000004,-77.06302600000001,4.479495759148507,2.1278068836742365,4.589094748910474,5.069128323416379
1st & K St SE,2276096112,bicycle_rental,38.8789569,-77.0057386,0.42201593471610027,0.2797413055006696,0.6120327630591292,1.367853224466696
New Jersey Ave & N St NW/Dunbar HS,2543091304,bicycle_rental,38.907151,-77.015279,0.16576973963379776,0.5810671834960185,0.2305630663161006,1.072884944013102
Mount Vernon Ave & E Del Ray Ave,3173332225,bicycle_rental,38.8259996,-77.0585693,3.5978991600251677,1.382399907983206,3.9738249983874168,5.911516189293211
Georgetown Harbor / 30th St NW,2276095443,bicycle_rental,38.90222070000001,-77.059219,0.5367537928405948,0.7934504860162367,0.7927967147087427,1.00919939389846
McKinley St & Connecticut Ave NW,6285398605,bicycle_rental,38.964551799999995,-77.07513730000001,4.102908075878374,1.0227473565482714,0.6571966697423643,1.6037387925322968
Offutt Ln & Chevy Chase Dr,4731348759,bicycle_rental,38.9770975,-77.0945996,5.974946540994972,0.8118638779686014,2.5781758906866443,3.2521282909201963
Park Run & Onyx Dr,6285398398,bicycle_rental,38.927557799999995,-77.2266464,15.236517533246934,0.874807936438755,10.936545696245668,11.58869697952945
Westpark Dr & Leesburg Pike,6285398186,bicycle_rental,38.924037799999994,-77.2359574,15.978594597965529,0.3859441645046387,11.747954131108829,12.452943031418684
3rd St & Pennsylvania Ave SE,397273217,primary,38.872308000000004,-76.967771,2.3034207320697364,1.7924012976880315,0.3844831461542281,3.371554436059852
Maple & Ritchie Ave,6285397672,bicycle_rental,38.9836348,-77.00631329999999,2.8886470344830113,1.326414170360133,1.7170975234496266,2.5371705552445634
New Jersey Ave & R St NW,4270790862,bicycle_rental,38.9127397,-77.01751490000001,0.8104335182233591,0.39040314376172336,0.5241553458615711,0.9884429431591855
Vermont Ave & I St NW,0,,38.9011,-77.03448,0.02880273801651409,0.0778955787791917,0.5885782748493164,0.48903699283947477
South Capitol & Atlantic St SW,6285398207,bicycle_rental,38.83152379999999,-77.0081353,1.2843332987210285,2.3166152905214115,0.506028071020343,3.9145555803413794
Bethesda Ave & Arlington Rd,6285398237,bicycle_rental,38.981110799999996,-77.09742829999999,6.333640970147701,0.46373964751812724,3.011423279019215,3.7593754313154855
Corporate Blvd & Omega Dr,6285398417,bicycle_rental,39.10697879999999,-77.1926474,21.36673459954794,2.8179447005548237,18.951165341213947,19.863434276520277
Lamont & Mt Pleasant NW,2276095833,bicycle_rental,38.931901399999994,-77.0387453,0.6539366338746184,0.7006349923026173,0.31157895919539574,1.3694658595471008
Connecticut Ave & R St NW,6285398422,bicycle_rental,38.9126518,-77.0456423,0.41637536147507526,0.3893651980712553,0.5192387724145724,0.32875043070006194
Crystal Dr & 23rd St S,7044368273,bus_stop,38.854518799999994,-77.04929150000001,3.5285331885364015,0.38658238977127607,3.628592618389544,3.3143051089796995
16th & R St NW,6285398210,bicycle_rental,38.9126598,-77.0362803,0.33483703033143974,0.7057374600532265,0.29494539462201236,0.23921894228066018
Key Blvd & N Quinn St,2276095646,bicycle_rental,38.8960147,-77.07810699999999,2.312200497929291,0.624283556491449,1.7785740789316937,1.4678189350354989
1st & N St  SE,2276095578,bicycle_rental,38.8742997,-77.0057,0.3998442968549703,0.24876262007821273,0.6252676334925477,1.1463802747731087
Key West Ave & Siesta Key Way,6285398213,bicycle_rental,39.1053028,-77.19477640000001,21.353112344555576,3.071993393752285,18.904961621529484,19.778821089874885
S Kenmore & 24th St S,0,,38.848505,-77.0849189,5.997691882141047,2.657163958756819,6.3648406348244855,6.4461923091350055
King St Metro North / Cameron St,0,,38.80695585380585,-77.05984255418232,4.071301575085604,0.09342173100043351,4.710536747430747,7.698759305080697
Madison & Fairfax St,6285398475,bicycle_rental,38.8123588,-77.0406933,2.316239225291216,1.1444964860878164,2.987078441715051,6.428044546914648
Alabama & MLK Ave SE,6285398254,bicycle_rental,38.8432378,-76.99937829999999,0.7937312524752315,0.9809227156909192,0.13183628101997688,2.884324228570582
New York Ave & Hecht Ave NE,6285398216,bicycle_rental,38.91561179999999,-76.9836853,2.7870535014719406,1.2231989707492101,0.5733785610044172,1.1129483147121653
Shady Grove Metro East,0,,39.1211875,-77.1648847,21.126424063479455,0.14077131932071263,18.927743755137797,19.554054832773502
Rockville Pike & Old Georgetown Rd,0,,39.04981,-77.11366,12.107092756426423,0.19678135763969026,9.999486828268015,10.569271718881398
Fleet St & Ritchie Pkwy,6285398639,bicycle_rental,39.076338799999995,-77.1413803,15.905088793531053,0.977589418843411,13.735505319862387,14.367194110879861
Neal St & Trinidad Ave NE,6285398253,bicycle_rental,38.9037398,-76.9872133,1.935541372252286,1.4189750489072044,0.11977929780893716,0.6524463556662559
East West Hwy & 16th St,6285398204,bicycle_rental,38.995688799999996,-77.0387233,3.669901991469969,0.6944830862008611,1.2961959838616566,2.0666469404835954
Central Library / N Quincy St & 10th St N,2276095661,bicycle_rental,38.8839697,-77.10783,5.210207188752961,0.42602421065693774,4.608315931544275,3.9838121862606273
S Oakland St & Columbia Pike,6285398266,bicycle_rental,38.8607968,-77.09586230000001,5.603802742272467,2.581340546288702,5.855862450667574,5.651248645545589
Cordell & Norfolk Ave,6285397674,bicycle_rental,38.9895478,-77.0980313,6.725476665267519,0.6637591798923032,3.6365434683083344,4.643127425170711
Fairfax Dr & Wilson Blvd,2276095828,bicycle_rental,38.885800700000004,-77.09774499999999,4.334440909939199,0.22753659206987104,3.792882773274935,3.248485626680438
USDA / 12th & C St SW,0,,38.8871972,-77.0282895,0.044397299314634445,0.09403699292973283,0.9368929374227771,1.7658359691765868
Amherst Ave & Elkins St,6285398464,bicycle_rental,39.044894799999994,-77.04779029999999,9.173358954713594,0.8413688708533521,6.798255548881921,7.584440055843214
Takoma Metro,97783024,subway,38.9767849,-77.0184807,1.6578077679676313,0.08183984544083782,0.4207073450167431,1.3872996851300234
Franklin & S Washington St,128833520,primary,39.287814399999995,-76.5889377,52.0722407816301,41.45769149174491,50.867261279352164,51.53298166623142
N Veitch  & 20th St N,2276095826,bicycle_rental,38.896985799999996,-77.0864342,2.967381404494963,0.7576008818555772,2.260394732209606,1.6661179036444032
Barcroft Community Center,6285398278,bicycle_rental,38.850344799999995,-77.10099129999999,6.721329974032571,3.6707194618534564,7.009917057525052,6.893251368764414
21st St & Pennsylvania Ave NW,2276094985,bicycle_rental,38.9015387,-77.046564,0.11071794517690602,0.3353535972471896,0.40364489013104254,0.23442616754855772
14th & G St NW,2276095564,bicycle_rental,38.8980687,-77.031823,0.030691586356272626,0.3258995490091826,0.6712433176191619,0.6756722353244916
Crabbs Branch Way & Calhoun Pl,6285397659,bicycle_rental,39.10771679999999,-77.1520743,19.266916674296994,1.7375572595988993,17.0665891108263,17.69335253615084
Congressional Ln & E Jefferson St,6285398433,bicycle_rental,39.06219779999999,-77.1292373,14.02234613812656,0.7291475921005487,11.859310135761854,12.491374619597263
Congress Heights Metro,2276094880,bicycle_rental,38.8447107,-76.98782299999999,1.769988018935872,0.12180015576254694,0.5124719106591195,3.3325751753426105
48th Pl & MacArthur Blvd NW,6285398407,bicycle_rental,38.91731179999999,-77.0962923,3.961637622447538,3.114659172240385,1.1165554591825193,0.4857833638051951
4th & M St SW,2276095653,bicycle_rental,38.8766997,-77.0178,0.03256251323036064,0.03600689829970702,0.3146933728598173,1.1772480224085369
Key West Ave & Great Seneca Hwy,6285398426,bicycle_rental,39.105649799999995,-77.2038624,21.92103462839692,3.7455141841740947,19.402791126446765,20.169389725297176
Norfolk Ave & Fairmont St,6285398233,bicycle_rental,38.9885698,-77.0965413,6.5625962818282035,0.5076715804127555,3.4683631831242776,4.496619735634717
Crystal City Metro / 18th & Bell St,2276095013,bicycle_rental,38.857299700000006,-77.0511,3.423341163847556,0.09766947655931764,3.502403326902213,3.35256248522311
14th & Upshur St NW,6285398269,bicycle_rental,38.942023799999994,-77.03265429999999,1.7791528072183616,0.9453409953724362,0.1346003923916741,0.8483791019814434
Mount Vernon Ave & E Nelson Ave,3173332226,bicycle_rental,38.8199908,-77.05759509999999,3.5033712207420646,0.732413102886722,3.987493452507068,6.382850448511862
8th & F St NE,6285398258,bicycle_rental,38.897281799999995,-76.99475129999999,1.1248260840017745,1.1000851249840045,0.13963129045388767,0.8789253697073144
7th & F St NW / National Portrait Gallery,2276095570,bicycle_rental,38.8973237,-77.022322,0.3143188831062412,0.11651761943811743,0.8669819486008808,0.81328355952127
14th & R St NW,2276095604,bicycle_rental,38.9126963,-77.03166999999999,0.42029919110502084,0.6002180743602978,0.29720498449010285,0.4515831241903941
M St & Pennsylvania Ave NW,2276095966,bicycle_rental,38.905125700000006,-77.056887,0.3116850406980714,0.7544678629733584,0.4741685983940654,0.8142687358650339
16th & Irving St NW,354419221,house,38.9310994375,-77.01011895833334,2.348571160431692,1.3544619652477645,1.0281937381010213,0.7228561742859475
Kennebec St & 11th St N,0,,38.88101193420522,-77.13530392912494,7.544620025933583,1.9249267906854042,5.911625838410223,5.629660588535401
Medical Center Dr & Key West Ave,6285398624,bicycle_rental,39.1030988,-77.1964444,21.272710004668884,3.326454865717454,18.791438733940023,19.62344134668562
Massachusetts Ave & Dupont Circle NW,2276095936,bicycle_rental,38.9100997,-77.0444,0.11327510198116364,0.10139217114589391,0.4835664736381206,0.40168420933481797
Hains Point/Buckeye & Ohio Dr SW,6285398631,bicycle_rental,38.8784408,-77.0302323,0.511119232485156,1.0133643609065908,0.6548696430554997,1.9193350872123345
Mississippi Ave & 19th St SE / THEARC,6285398452,bicycle_rental,38.8437778,-76.9755723,2.8368306436486743,0.3013316741491845,0.5944849965560064,4.199295685077668
Wilson Blvd & N Troy St,6285398421,bicycle_rental,38.8925638,-77.08209129999999,2.783698281985381,0.5110834110059749,2.2945365514690153,1.927729163520617
Potomac & Pennsylvania Ave SE,2276096119,bicycle_rental,38.8802997,-76.9862,0.7818611992194452,0.12386605178065983,0.4825759513319849,1.5722774044933456
Barton St & 10th St N,2276095831,bicycle_rental,38.8849607,-77.08776999999999,3.638933877811328,0.5824035712767544,3.258569735717123,2.8920907668094267
16th & Harvard St NW,2276095839,bicycle_rental,38.926139899999995,-77.03666770000001,0.02183284583265948,0.40384025487502795,0.3060692606107984,1.2394119828819203
GMU / Fairfax Dr & Kenmore St,0,,38.88459,-77.10115,4.6586684601975605,0.20839092426985625,4.1056679000225955,3.5383575027873184
15th St & Massachusetts Ave SE,2275564807,bicycle_rental,38.887319700000006,-76.98356899999999,1.4937338451177862,0.5660119439083205,0.267127799800583,1.3923871774329757
11th & F St NW,2276095430,bicycle_rental,38.8978565,-77.0269125,0.05298760673640868,0.11373847956694352,0.6406389650260929,0.7451710795302695
Norfolk & Rugby Ave,6285398642,bicycle_rental,38.9906468,-77.1002413,6.950724156956377,0.8723116582559555,3.8590105453238945,4.826959244322228
13th St & New York Ave NW,2276095138,bicycle_rental,38.900282700000005,-77.029822,0.054267036320405686,0.2649413888282332,0.377357878761531,0.4182407388316662
S Troy St & 26th St S,6285398267,bicycle_rental,38.8479848,-77.0751063,5.6236658220056714,2.051434468498953,5.749474477153053,5.6629989800433815
Wiehle Ave & Reston Station Blvd,6285398585,bicycle_rental,38.949207799999996,-77.33680240000001,25.063408137082074,0.3261676895097385,20.63566188049475,20.97699338704004
17th St & Independence Ave SW,0,,38.88808,-77.03861,0.58021740035755,0.9146264913316792,1.3913082529408092,1.5321699267693734
15th & Euclid St  NW,2581188789,bicycle_rental,38.923382399999994,-77.0351124,0.34318874217351736,0.5428816602800104,0.32704301700127314,1.270010612724907
